-- phpMyAdmin SQL Dump
-- version 3.5.1
-- http://www.phpmyadmin.net
--
-- Хост: 127.0.0.1
-- Время создания: Апр 28 2016 г., 11:33
-- Версия сервера: 5.5.25
-- Версия PHP: 5.3.13

SET SQL_MODE="NO_AUTO_VALUE_ON_ZERO";
SET time_zone = "+00:00";


/*!40101 SET @OLD_CHARACTER_SET_CLIENT=@@CHARACTER_SET_CLIENT */;
/*!40101 SET @OLD_CHARACTER_SET_RESULTS=@@CHARACTER_SET_RESULTS */;
/*!40101 SET @OLD_COLLATION_CONNECTION=@@COLLATION_CONNECTION */;
/*!40101 SET NAMES utf8 */;

--
-- База данных: `empiresport`
--
CREATE DATABASE `empiresport` DEFAULT CHARACTER SET utf8 COLLATE utf8_general_ci;
USE `empiresport`;

-- --------------------------------------------------------

--
-- Структура таблицы `category`
--

CREATE TABLE IF NOT EXISTS `category` (
  `id` int(11) NOT NULL AUTO_INCREMENT,
  `name` varchar(255) NOT NULL,
  `sort_order` int(11) NOT NULL DEFAULT '0',
  `status` int(11) NOT NULL DEFAULT '1',
  PRIMARY KEY (`id`)
) ENGINE=InnoDB  DEFAULT CHARSET=utf8 AUTO_INCREMENT=10 ;

--
-- Дамп данных таблицы `category`
--

INSERT INTO `category` (`id`, `name`, `sort_order`, `status`) VALUES
(1, 'Туризм та відпочинок', 1, 1),
(2, 'Велосипеди', 2, 1),
(3, 'Ігрові види спорту', 3, 1),
(4, 'Плавання та дайвінг', 4, 1),
(5, 'Тренажери / Фітнес', 5, 1),
(6, 'Ракеткові види спорту', 6, 1),
(7, 'Зимові види спорту', 7, 1),
(8, 'Бокс і бойомі мистецтва', 8, 1),
(9, 'Художня гімнастика', 9, 1);

-- --------------------------------------------------------

--
-- Структура таблицы `product`
--

CREATE TABLE IF NOT EXISTS `product` (
  `id` int(11) NOT NULL AUTO_INCREMENT,
  `name` varchar(255) NOT NULL,
  `category_id` int(11) NOT NULL,
  `code` int(11) NOT NULL,
  `price` float NOT NULL,
  `availability` int(11) NOT NULL,
  `brand` varchar(255) NOT NULL,
  `description` text NOT NULL,
  `is_new` int(11) NOT NULL DEFAULT '0',
  `is_recommended` int(11) NOT NULL DEFAULT '0',
  `status` int(11) NOT NULL DEFAULT '1',
  PRIMARY KEY (`id`)
) ENGINE=InnoDB  DEFAULT CHARSET=utf8 AUTO_INCREMENT=24 ;

--
-- Дамп данных таблицы `product`
--

INSERT INTO `product` (`id`, `name`, `category_id`, `code`, `price`, `availability`, `brand`, `description`, `is_new`, `is_recommended`, `status`) VALUES
(1, 'Кость гральна', 1, 7777, 40, 1, 'Україна', 'Кость гральна використовується для гри в нарди, а також для інших настольних ігор.\r\n\r\nМатеріал: пластмаса.', 1, 1, 1),
(2, 'Брелок балерина', 1, 7777, 30, 1, 'KEY 04-A  ', 'Брелок сувенірний для ключів або мобільного телефону у вигляді балерини.\r\n\r\nМатеріал: гума', 1, 1, 1),
(3, 'Коліщатка для роликів', 1, 7777, 20, 1, 'SIGNA', 'Важливою частиною у будь яких роликах є міцні та надійні коліщатка. Вибираючи коліщатка на заміну старих звертайте увагу на використаний матеріал та розмір.\r\nДані коліщатка виготовлені з PVC', 1, 1, 1),
(4, 'Дошка картонна для шашок / шахів', 1, 7777, 80, 1, 'Україна', 'Двостороння дошка з жорсткого картону для ігор в шашки / шахи.', 1, 1, 1),
(5, 'М''яч пляжний надувний Intex', 1, 7777, 80, 1, 'INTEX', 'Надувні м''ячі призначені для ігор на свіжому повітрі і воді. Діти люблять рухливі ігри з м''ячиком, крім того, такі ігри сприяють фізичному розвитку малюків . Хочете поєднати приємне з корисним - прогулянку і фізкультуру? Тоді візьміть з собою на прогулянку м''яч і відпочинок для Вашої дитини буде веселим і активним!', 1, 1, 1),
(6, 'Велосипед Haibike Springs SL 26"', 2, 2147483647, 4000, 1, 'Haibike', 'Велосипед Haibike Springs SL 26 – бюджетний гірський велосипед універсального призначення.\r\nБуде цілком доречний як у місті на паркових велопрогулянках, так і на лісових стежинах\r\n\r\nВелосипедна рама виконана з міцного алюмінію марки 6061\r\nТрансмісія і система перемикання зібрана на основі надійної групи Shimano Altus\r\nГальма - ободні, виробництва німецької фірми XLC\r\nАмортизаційна вилка має хід в 63мм. -це зробить вашу поїздку комфортнішою.\r\n\r\nЧастіше вибирайтеся на природу разом з Haibike Springs SL 26', 1, 1, 1),
(7, 'Велосипед Haibike Life SL 26"', 2, 2147483647, 9200, 1, 'Haibike', '', 1, 1, 1),
(8, 'Велосипед Life 7.10 27.5”', 2, 2147483647, 10000, 1, 'Haibike', 'Велосипед Life 7.10  27.5” - Компанія Haibike в своєму асортименті має цілий модельний ряд велосипедів - спеціально для дівчат.\r\n\r\nHaibike Life 7.10 виготовлений з урахуванням специфіки жіночої анатомії - інженерів Haibike консультує німецька зірка велоспорту та олімпійська чемпіонка Сабіна Шпітц (Sabine Spitz).\r\n\r\nЖіночі велосипеди Haibike легше стандартних чоловічих моделей, а також яскраво пофарбовані оригінальними кольоровими орнаментами.\r\nГарний велосипед і підтягнута фігура - одна з кращих мотивацій зайнятися спортом. \r\nХарактеристики', 1, 1, 1),
(9, 'М’яч волейбольний RE:FLEX TOWER', 3, 6003, 120, 1, 'RE:FLEX', 'М''яч волейбольний, призначений для пляжного волейболу. ', 1, 0, 1),
(10, 'М’яч волейбольний RE:FLEX ASTER', 3, 6002, 473, 1, 'RE:FLEX', 'яч волейбольний, призначений для тренувань і любительських змагань з волейболу. ', 1, 0, 1),
(11, 'М’яч футбольний RE:FLEX VISION', 3, 2007, 693, 1, 'RE:FLEX', 'М''яч футбольний, призначений для тренувань і змагань з футболу. Яскравий і міцний мяч зшитий з 32 панелей. Мяч використовується на змаганнях. Покриття мяча ламіноване.\r\n\r\n М''ячі RE:FLEX - це чудове поєднання ціни і високої якості. Надійність, міцність і довговічність м''ячів RE:FLEX давно вже відома на ринку.', 1, 1, 1),
(12, 'М’яч волейбольний Mikasa VSO2000', 3, 0, 640, 1, 'MIKASA', 'М’яч волейбольний Mikasa VSO2000 з логотипом FIVB. Класична форма деталей, шитий. З серії Varsity. Виготовлений з високоякісної синтетичної шкіри.', 1, 0, 1),
(13, 'Сітка волейбольна', 3, 7777, 0, 1, '848 ', 'Сітка волейбольна 9500x1000 мм \r\n\r\nВиготовлена ​​з білого плоского шнура 2,5 мм (12 веретен) обшита вибіленою діагоналлю зверху. Ширина обшивки 7см.', 1, 1, 1),
(14, 'М’яч баскетбольнй Mikasa BDС2000', 3, 0, 0, 1, '1408 ', 'М''яч баскетбольний Mikasa BDС2000 з логотипом FIBA Approved. Виготовлений по технології Double Dimple - це невеличкі заглиблення на поверхні матеріалу, замість зазвичай відомих опуклостей. Ця технологія, яка робить поверхню не ковзкою й додає стійкості до зношування.\r\n\r\nМатеріал - композитна синтетична шкіра, нейлоновий корд, бутилова камера', 1, 0, 1),
(15, 'М’яч для водного поло Mikasa W6000W', 3, 0, 1670, 1, 'MIKASA', 'М''яч для водного поло Mikasa W6000W - офіційний м''яч Олімпійських ігор 2012 року в Лондоні.\r\nПризначений для ігор на високому рівні. \r\n\r\nДана модель виготовлена із високоякісної гуми.', 1, 1, 1),
(16, 'Шапочка для плавання BECO тканинна ', 4, 7721, 42, 1, 'BECO', 'Шапочка для плавання BECO тканинна в комбінації з двох кольорів. Безрозмірна.', 1, 1, 1),
(17, 'Тренажер Space Corner', 5, 7777, 0, 1, '530 ', 'Тренажер SPACE CORNER для зміцнення м''язів ніг. За допомогою цього тренажера ви отримаєте струнку фігуру. Він ідеальний для ніг та інших частин тіла.', 1, 1, 1),
(18, 'Струни для тенісних ракеток WISH 201', 6, 201, 60, 1, 'WISH', 'Струни для тенісних ракеток. Відзначаються високою зносостійкістю і силою відбивання.', 1, 1, 0),
(19, 'Ракетка настільного тенісу ATEMI HOBBY', 6, 0, 116, 1, 'ATEMI', 'Ракетка для настільного тенісу призначена для гравців-початківців і любителів гри на дозвіллі та відпочинку. Основа виготовлена ​​з 5-ти шарового шпону, накладка з губкою 1 мм. Проста і надійна у використанні подарує прекрасні відчуття від рухливої і динамічної гри в настільний теніс.', 1, 1, 1),
(20, 'Шайба хокейна дитяча', 7, 7777, 13, 1, 'Україна', 'Шайба хокейна для дітей і підлітків.', 1, 1, 1),
(21, 'Шайба хокейна', 7, 2147483647, 15, 1, 'Україна', 'Шайба хокейна для дорослих.', 1, 1, 1),
(22, 'Пістолет тренувальний гумовий', 8, 2147483647, 28, 1, 'Україна', 'Пістолет використовується для відпрацьовування захисту на тренуванні. Зручна рукоятка. \r\nВиготовлений повністю з гуми.  \r\nЧорного кольору.', 1, 1, 1),
(23, 'М’яч художньої гімнастики Togu BEST Quality лакований 300 г', 9, 430513, 360, 1, 'TOGU', 'М''яч художньої гімнастики TOGU. Лакований. Призначений юніорам для щоденних тренувань. Виготовлений з матеріалу Ruton ® - сучасного полімерного матеріалу високої якості, який відзначений міцність та еластичність.Надійні та довговічні вироби з матеріалу Ruton ® можна використовувати для спортивних занять і рухливих ігор на майданчиках з будь-яким покриттям. Вироби з матеріалу Rutone ® миють теплим мильним розчином і сушать на повітрі подалі від тепла.', 1, 1, 1);

-- --------------------------------------------------------

--
-- Структура таблицы `product_order`
--

CREATE TABLE IF NOT EXISTS `product_order` (
  `id` int(11) NOT NULL AUTO_INCREMENT,
  `user_name` varchar(255) NOT NULL,
  `user_phone` varchar(255) NOT NULL,
  `user_comment` text NOT NULL,
  `user_id` int(11) DEFAULT NULL,
  `date` timestamp NOT NULL DEFAULT CURRENT_TIMESTAMP,
  `products` text NOT NULL,
  `status` int(11) NOT NULL DEFAULT '1',
  PRIMARY KEY (`id`)
) ENGINE=MyISAM  DEFAULT CHARSET=utf8 AUTO_INCREMENT=3 ;

--
-- Дамп данных таблицы `product_order`
--

INSERT INTO `product_order` (`id`, `user_name`, `user_phone`, `user_comment`, `user_id`, `date`, `products`, `status`) VALUES
(1, 'Маким', '0000000000000', 'Завтра', 3, '2016-04-21 22:47:29', '{"21":1,"19":1,"23":1}', 1),
(2, 'Anatoli', '11111111111111111', '', 0, '2016-04-21 22:52:28', '{"19":1,"23":1}', 2);

-- --------------------------------------------------------

--
-- Структура таблицы `user`
--

CREATE TABLE IF NOT EXISTS `user` (
  `id` int(11) NOT NULL AUTO_INCREMENT,
  `name` varchar(255) NOT NULL,
  `email` varchar(255) NOT NULL,
  `password` varchar(255) NOT NULL,
  `role` varchar(50) NOT NULL,
  PRIMARY KEY (`id`)
) ENGINE=InnoDB  DEFAULT CHARSET=utf8 AUTO_INCREMENT=4 ;

--
-- Дамп данных таблицы `user`
--

INSERT INTO `user` (`id`, `name`, `email`, `password`, `role`) VALUES
(1, 'TEST', 'test@test.loc', '123456789', 'admin'),
(3, 'Макcим', 'test.test@test.loc', '123456S', '');

/*!40101 SET CHARACTER_SET_CLIENT=@OLD_CHARACTER_SET_CLIENT */;
/*!40101 SET CHARACTER_SET_RESULTS=@OLD_CHARACTER_SET_RESULTS */;
/*!40101 SET COLLATION_CONNECTION=@OLD_COLLATION_CONNECTION */;
